{
  "type": "service_account",
  "project_id": "awardwalletmock",
  "private_key_id": "some",
  "private_key": "-----BEGIN PRIVATE KEY-----\ncut\n-----END PRIVATE KEY-----\n",
  "client_email": "awardwallet-mock-1@awardwalletandroid.iam.gserviceaccount.com",
  "client_id": "12345",
  "auth_uri": "https://accounts.google.com/o/oauth2/auth",
  "token_uri": "https://accounts.google.com/o/oauth2/token",
  "auth_provider_x509_cert_url": "https://www.googleapis.com/oauth2/v1/certs",
  "client_x509_cert_url": "https://www.googleapis.com/robot/v1/metadata/x509/awardwallet-mock-1%40awardwalletmock.iam.gserviceaccount.com"
}

